{
  "version": 8,
  "id": "3af699ca-4ffd-40c5-ab50-92edef891dbd",
  "name": "Zeitumstellung",
  "sources": {
    "countries": {
      "url": "https://api.maptiler.com/tiles/countries/tiles.json?key={key}",
      "type": "vector"
    },
    "hillshading": {
      "url": "https://api.maptiler.com/tiles/hillshade/tiles.json?key={key}",
      "type": "raster"
    },
    "openmaptiles": {
      "url": "https://api.maptiler.com/tiles/v3/tiles.json?key={key}",
      "type": "vector"
    },
    "labels_rewrite": {
      "data": "https://api.maptiler.com/data/fca149ef-c324-418f-8444-09c287322b09/features.json?key={key}",
      "type": "geojson"
    },
    "maptiler_planet_lite": {
      "url": "https://api.maptiler.com/tiles/v3-lite/tiles.json?key={key}",
      "type": "vector"
    },
    "v3-openmaptiles": {
      "url": "https://api.maptiler.com/tiles/v3-openmaptiles/tiles.json?key={key}",
      "type": "vector"
    },
    "fea7adfd-76ae-4c2a-a74c-8f4c8618b4d8": {
      "url": "https://api.maptiler.com/tiles/fea7adfd-76ae-4c2a-a74c-8f4c8618b4d8/tiles.json?key={key}",
      "type": "vector"
    }
  },
  "layers": [
    {
      "id": "background",
      "type": "background",
      "layout": {
        "visibility": "visible"
      },
      "paint": {
        "background-color": "rgba(23, 23, 23, 1)",
        "background-opacity": 1
      }
    },
    {
      "id": "background light",
      "type": "background",
      "layout": {
        "visibility": "visible"
      },
      "paint": {
        "background-color": "hsl(238, 11%, 98%)",
        "background-opacity": 1
      }
    },
    {
      "id": "background summer",
      "type": "background",
      "layout": {
        "visibility": "none"
      },
      "paint": {
        "background-color": "hsl(41, 19%, 15%)",
        "background-opacity": 1
      }
    },
    {
      "id": "water",
      "type": "fill",
      "source": "openmaptiles",
      "source-layer": "water",
      "minzoom": 6.0,
      "layout": {
        "visibility": "none"
      },
      "paint": {
        "fill-color": {
          "stops": [
            [
              6,
              "rgba(206, 225, 230, 0.77)"
            ],
            [
              9,
              "rgba(220, 236, 240, 1)"
            ]
          ]
        }
      },
      "filter": [
        "all",
        [
          "!=",
          "brunnel",
          "tunnel"
        ],
        [
          "!=",
          "intermittent",
          1
        ],
        [
          "in",
          "class",
          "ocean",
          "lake"
        ]
      ]
    },
    {
      "id": "countries",
      "type": "fill",
      "source": "countries",
      "source-layer": "administrative",
      "layout": {
        "visibility": "visible"
      },
      "paint": {
        "fill-color": "hsl(227, 0%, 0%)"
      },
      "filter": [
        "all",
        [
          "!=",
          "name",
          "Germany"
        ]
      ]
    },
    {
      "id": "countries light",
      "type": "fill",
      "source": "countries",
      "source-layer": "administrative",
      "minzoom": 0.0,
      "maxzoom": 22.0,
      "layout": {
        "visibility": "visible"
      },
      "paint": {
        "fill-color": "hsl(227, 0%, 100%)",
        "fill-antialias": true
      },
      "filter": [
        "all",
        [
          "!=",
          "name",
          "Germany"
        ]
      ]
    },
    {
      "id": "motorway",
      "type": "line",
      "source": "openmaptiles",
      "source-layer": "transportation",
      "minzoom": 6.0,
      "layout": {
        "visibility": "visible"
      },
      "paint": {
        "line-width": 0.1,
        "line-opacity": 1
      },
      "filter": [
        "all",
        [
          "in",
          "class",
          "motorway",
          "primary"
        ],
        [
          "!in",
          "brunnel",
          "bridge",
          "tunnel"
        ],
        [
          "!=",
          "ramp",
          1
        ]
      ]
    },
    {
      "id": "Hillshade",
      "type": "raster",
      "source": "hillshading",
      "layout": {
        "visibility": "visible"
      },
      "paint": {
        "raster-opacity": 0.58
      },
      "filter": [
        "all",
        [
          "==",
          "name",
          "Germany"
        ]
      ]
    },
    {
      "id": "labels_motorway_name",
      "type": "symbol",
      "source": "openmaptiles",
      "source-layer": "transportation_name",
      "minzoom": 8.0,
      "layout": {
        "text-size": 10,
        "text-field": "{ref}",
        "visibility": "none"
      },
      "paint": {
        "text-color": "#fff",
        "text-halo-blur": 0,
        "text-halo-color": "rgba(50, 50, 52, 1)",
        "text-halo-width": 1.4
      },
      "filter": [
        "all",
        [
          "==",
          "class",
          "motorway"
        ]
      ]
    },
    {
      "id": "labels_place_other",
      "type": "symbol",
      "source": "openmaptiles",
      "source-layer": "place",
      "minzoom": 8.0,
      "layout": {
        "text-font": [
          "Noto Sans Regular"
        ],
        "text-size": 10,
        "text-field": "{name:de}",
        "visibility": "visible",
        "text-anchor": "center",
        "text-max-width": 6
      },
      "paint": {
        "text-color": "#CDCDD1",
        "text-halo-blur": 0,
        "text-halo-color": "rgba(50, 50, 52, 1)",
        "text-halo-width": 1.4
      },
      "filter": [
        "all",
        [
          "==",
          "$type",
          "Point"
        ],
        [
          "!in",
          "class",
          "city",
          "state",
          "country",
          "continent"
        ]
      ]
    },
    {
      "id": "labels_place_city",
      "type": "symbol",
      "source": "openmaptiles",
      "source-layer": "place",
      "minzoom": 6.0,
      "layout": {
        "text-font": [
          "Noto Sans Regular"
        ],
        "text-size": 12,
        "text-field": "{name:de}",
        "visibility": "visible",
        "text-anchor": "center",
        "text-max-width": 6
      },
      "paint": {
        "text-color": "#CDCDD1",
        "text-halo-color": "rgba(50, 50, 52, 1)",
        "text-halo-width": 1.4
      },
      "filter": [
        "all",
        [
          "==",
          "$type",
          "Point"
        ],
        [
          "==",
          "class",
          "city"
        ]
      ]
    },
    {
      "id": "Grid Summertime",
      "type": "fill",
      "source": "fea7adfd-76ae-4c2a-a74c-8f4c8618b4d8",
      "source-layer": "grid",
      "layout": {
        "visibility": "visible"
      },
      "paint": {
        "fill-color": [
          "interpolate",
          [
            "linear"
          ],
          [
            "get",
            "sunrise_summertime_numerical"
          ],
          8,
          "hsl(10, 87%, 60%)",
          11,
          "hsl(23, 100%, 73%)",
          13.3,
          "hsl(50, 100%, 73%)"
        ],
        "fill-opacity": 0.77
      }
    },
    {
      "id": "Grid Wintertime",
      "type": "fill",
      "source": "fea7adfd-76ae-4c2a-a74c-8f4c8618b4d8",
      "source-layer": "grid",
      "layout": {
        "visibility": "none"
      },
      "paint": {
        "fill-color": [
          "interpolate",
          [
            "linear"
          ],
          [
            "get",
            "sunrise_wintertime_numerical"
          ],
          6.9,
          "hsl(240, 64%, 63%)",
          8,
          "hsl(260, 96%, 70%)",
          12.8,
          "hsl(323, 88%, 80%)"
        ]
      }
    },
    {
      "id": "Boundary",
      "type": "line",
      "source": "openmaptiles",
      "source-layer": "boundary",
      "layout": {},
      "paint": {
        "line-color": "hsla(0, 100%, 100%, 0.58)",
        "line-width": 1
      },
      "filter": [
        "all",
        [
          "all",
          [
            "match",
            [
              "get",
              "admin_level"
            ],
            [
              2
            ],
            true,
            false
          ],
          [
            "match",
            [
              "get",
              "maritime"
            ],
            [
              0
            ],
            true,
            false
          ]
        ],
        [
          "==",
          [
            "geometry-type"
          ],
          "LineString"
        ]
      ]
    },
    {
      "id": "Timezonelines",
      "type": "line",
      "source": "fea7adfd-76ae-4c2a-a74c-8f4c8618b4d8",
      "source-layer": "timezonelines",
      "layout": {},
      "paint": {
        "line-color": "hsl(0, 0%, 100%)",
        "line-width": 2
      },
      "filter": [
        "==",
        [
          "geometry-type"
        ],
        "LineString"
      ]
    },
    {
      "id": "Timezone is",
      "type": "fill",
      "source": "fea7adfd-76ae-4c2a-a74c-8f4c8618b4d8",
      "source-layer": "countries",
      "layout": {
        "visibility": "none"
      },
      "paint": {
        "fill-color": [
          "step",
          [
            "get",
            "timezone_is"
          ],
          "#51bbd6",
          1,
          "#f1f075",
          2,
          "#f28cb1"
        ]
      },
      "filter": [
        "==",
        [
          "geometry-type"
        ],
        "Polygon"
      ]
    },
    {
      "id": "Timezone should",
      "type": "fill",
      "source": "fea7adfd-76ae-4c2a-a74c-8f4c8618b4d8",
      "source-layer": "countries",
      "layout": {
        "visibility": "none"
      },
      "paint": {
        "fill-color": [
          "step",
          [
            "get",
            "timezone_should"
          ],
          "#51bbd6",
          1,
          "#f1f075",
          2,
          "#f28cb1"
        ]
      },
      "filter": [
        "==",
        [
          "geometry-type"
        ],
        "Polygon"
      ]
    }
  ],
  "metadata": {
    "maptiler:template": {
      "groups": [
        {
          "id": "others",
          "name": "Others",
          "icon": "other",
          "layers": [
            "Grid Summertime",
            "Grid Wintertime",
            "Timezone is",
            "Timezone should"
          ]
        },
        {
          "id": "administrative",
          "name": "Administrative",
          "icon": "administrative",
          "layers": [
            "countries",
            "labels_place_other",
            "labels_place_city",
            "countries light",
            "Boundary"
          ]
        },
        {
          "id": "built-up",
          "name": "Built-up",
          "icon": "builtUp",
          "layers": [
            "Timezonelines"
          ]
        },
        {
          "id": "transport",
          "name": "Transport",
          "icon": "transport",
          "layers": [
            "motorway",
            "labels_motorway_name"
          ]
        },
        {
          "id": "water",
          "name": "Water",
          "icon": "water",
          "layers": [
            "water"
          ]
        },
        {
          "id": "terrain",
          "name": "Terrain",
          "icon": "terrain",
          "layers": [
            "Hillshade"
          ]
        },
        {
          "id": "background",
          "name": "Background",
          "icon": "background",
          "layers": [
            "background",
            "background light",
            "background summer"
          ]
        }
      ],
      "viewState": {
        "toolPanelType": "DataSources",
        "mapType": "Inspect",
        "activeDataSource": "fea7adfd-76ae-4c2a-a74c-8f4c8618b4d8",
        "activeDataLayer": null,
        "activeStyleLayer": null
      },
      "userSettings": {
        "preferredViewPanelType": "Verticality"
      },
      "spaceColor": "#031F30"
    }
  },
  "glyphs": "https://api.maptiler.com/fonts/{fontstack}/{range}.pbf?key={key}",
  "bearing": 0.0,
  "pitch": 0.0,
  "center": [
    12.27039142636363,
    51.1618152366876
  ],
  "zoom": 6.2141181368977625,
  "light": {
    "anchor": "viewport"
  }
}